"timp","frecventa","tip","year","month"
1984-04-23,1.92568494341562,"Landsat","1984","04"
1984-05-09,28.3984436880112,"Landsat","1984","05"
1984-06-26,19.2228485764073,"Landsat","1984","06"
1984-08-29,0.130980577010011,"Landsat","1984","08"
1984-09-14,0.0652971018132503,"Landsat","1984","09"
1984-09-30,19.6069037196166,"Landsat","1984","09"
1984-11-01,0.839975735751516,"Landsat","1984","11"
1985-02-05,20.6184292376467,"Landsat","1985","02"
1985-02-21,0,"Landsat","1985","02"
1985-05-12,32.0033073561628,"Landsat","1985","05"
1985-06-13,3.91782610879502,"Landsat","1985","06"
1985-06-29,42.3465228327351,"Landsat","1985","06"
1985-07-15,19.0512987941287,"Landsat","1985","07"
1985-07-31,0,"Landsat","1985","07"
1985-09-01,30.5582709018341,"Landsat","1985","09"
1985-11-04,1.37162551146177,"Landsat","1985","11"
1986-03-28,87.6978714690302,"Landsat","1986","03"
1986-04-29,27.0755012228718,"Landsat","1986","04"
1986-05-15,0,"Landsat","1986","05"
1986-05-31,8.22086648094986,"Landsat","1986","05"
1986-06-16,59.2372216662739,"Landsat","1986","06"
1986-07-18,1.01963935908383,"Landsat","1986","07"
1986-08-03,0,"Landsat","1986","08"
1986-08-19,0.431965442764579,"Landsat","1986","08"
1986-09-04,0.299052998837016,"Landsat","1986","09"
1986-09-20,38.1845087455615,"Landsat","1986","09"
1986-10-06,0.137162551146177,"Landsat","1986","10"
1986-10-22,0.0618197413616571,"Landsat","1986","10"
1987-01-10,11.0641882102026,"Landsat","1987","01"
1987-02-27,3.32937944570874,"Landsat","1987","02"
1987-04-16,1.30748752979905,"Landsat","1987","04"
1987-05-18,0,"Landsat","1987","05"
1987-06-19,7.45043795423021,"Landsat","1987","06"
1987-07-21,0.0417283254191185,"Landsat","1987","07"
1987-09-07,0,"Landsat","1987","09"
1987-09-23,0.109730040916941,"Landsat","1987","09"
1987-10-25,49.9275549905918,"Landsat","1987","10"
1987-12-12,0.116298388436617,"Landsat","1987","12"
1988-01-05,96.7509862180614,"Landsat","1988","01"
1988-03-17,12.0042346522833,"Landsat","1988","03"
1988-05-04,97.4850956467311,"Landsat","1988","05"
1988-05-20,0.0587287542935742,"Landsat","1988","05"
1988-06-21,57.6387949786915,"Landsat","1988","06"
1988-07-07,0.0560241406090017,"Landsat","1988","07"
1988-07-15,0,"Landsat","1988","07"
1988-07-23,6.63634923517389,"Landsat","1988","07"
1988-07-31,17.625967382359,"Landsat","1988","07"
1988-08-08,17.9779535347369,"Landsat","1988","08"
1988-08-16,0.644470803695275,"Landsat","1988","08"
1988-08-24,78.4341832259859,"Landsat","1988","08"
1988-09-01,0.570287114061287,"Landsat","1988","09"
1988-09-09,36.0470911879822,"Landsat","1988","09"
1988-09-17,14.0438997438344,"Landsat","1988","09"
1988-09-25,8.81317687787124,"Landsat","1988","09"
1988-10-11,11.3949238264874,"Landsat","1988","10"
1988-10-27,0.70358593137236,"Landsat","1988","10"
1989-02-16,94.8299377552479,"Landsat","1989","02"
1989-03-20,72.1293423538639,"Landsat","1989","03"
1989-04-21,0,"Landsat","1989","04"
1989-08-11,71.7081953658376,"Landsat","1989","08"
1989-08-27,0.055251393841981,"Landsat","1989","08"
1989-10-14,0.146435512350425,"Landsat","1989","10"
1989-11-15,73.0863892248191,"Landsat","1989","11"
1990-01-18,27.6600841521229,"Landsat","1990","01"
1990-03-07,46.7905894898712,"Landsat","1990","03"
1990-03-23,0.391009864112481,"Landsat","1990","03"
1990-05-10,0,"Landsat","1990","05"
1990-06-11,98.7357862891541,"Landsat","1990","06"
1990-06-27,48.2700131753324,"Landsat","1990","06"
1990-07-13,41.6564599697856,"Landsat","1990","07"
1990-07-29,0.1081845473829,"Landsat","1990","07"
1990-08-14,0.0591151276770846,"Landsat","1990","08"
1990-08-30,0.689676489565987,"Landsat","1990","08"
1990-09-15,0.143730898665853,"Landsat","1990","09"
1990-10-01,0.0413419520356082,"Landsat","1990","10"
1990-10-17,0.0556377672254914,"Landsat","1990","10"
1990-11-18,0.205164266643999,"Landsat","1990","11"
1991-01-05,51.6724171905246,"Landsat","1991","01"
1991-01-21,26.5651019832546,"Landsat","1991","01"
1991-04-27,0.654130138283034,"Landsat","1991","04"
1991-06-14,0,"Landsat","1991","06"
1991-07-16,74.8227512103146,"Landsat","1991","07"
1991-08-01,55.139345560763,"Landsat","1991","08"
1991-08-17,5.13528864023615,"Landsat","1991","08"
1991-09-02,92.0507540076579,"Landsat","1991","09"
1991-11-05,60.5663461055495,"Landsat","1991","11"
1991-12-07,0.154549353404143,"Landsat","1991","12"
1992-04-13,94.8894392563085,"Landsat","1992","04"
1992-05-15,57.3536514216609,"Landsat","1992","05"
1992-06-16,1.35192046890274,"Landsat","1992","06"
1992-06-24,0,"Landsat","1992","06"
1992-07-02,0,"Landsat","1992","07"
1992-07-10,0.230664909955683,"Landsat","1992","07"
1992-07-18,32.3297928652291,"Landsat","1992","07"
1992-07-26,2.79772966999849,"Landsat","1992","07"
1992-08-03,0.0386373383510357,"Landsat","1992","08"
1992-08-19,0.0703199557988849,"Landsat","1992","08"
1992-09-04,0.276643342593415,"Landsat","1992","09"
1992-09-20,81.4343725489438,"Landsat","1992","09"
1992-11-23,19.5512659523911,"Landsat","1992","11"
1993-01-10,4.10328533287999,"Landsat","1993","01"
1993-01-26,1.38244396620006,"Landsat","1993","01"
1993-02-27,4.30960871967452,"Landsat","1993","02"
1993-05-02,21.3185378085674,"Landsat","1993","05"
1993-06-03,80.8165615087108,"Landsat","1993","06"
1993-06-19,42.3403408585989,"Landsat","1993","06"
1993-07-21,0.0776610500855817,"Landsat","1993","07"
1993-08-06,0.160344954156798,"Landsat","1993","08"
1993-08-22,0.202073279575917,"Landsat","1993","08"
1993-09-07,0.0946614789600374,"Landsat","1993","09"
1993-09-23,0.278575209510967,"Landsat","1993","09"
1993-10-09,98.6963762040361,"Landsat","1993","10"
1994-01-29,43.6161457709501,"Landsat","1994","01"
1994-02-14,0.407237546219916,"Landsat","1994","02"
1994-03-18,0.0989115861786513,"Landsat","1994","03"
1994-04-03,16.9594732958036,"Landsat","1994","04"
1994-05-05,0.120548495655231,"Landsat","1994","05"
1994-05-21,15.2988404934761,"Landsat","1994","05"
1994-06-22,0.0880931314403613,"Landsat","1994","06"
1994-07-24,21.6871380164363,"Landsat","1994","07"
1994-09-10,95.5474331284266,"Landsat","1994","09"
1994-09-26,0.196664052206772,"Landsat","1994","09"
1994-10-12,0.917250412453587,"Landsat","1994","10"
1994-10-28,0.8990908634286,"Landsat","1994","10"
1994-11-29,98.2729109757087,"Landsat","1994","11"
1995-02-01,0,"Landsat","1995","02"
1995-03-05,0.562173273007569,"Landsat","1995","03"
1995-03-21,98.6407384368106,"Landsat","1995","03"
1995-04-22,0,"Landsat","1995","04"
1995-05-08,56.6025415641167,"Landsat","1995","05"
1995-06-09,2.77686550728893,"Landsat","1995","06"
1995-07-11,51.2636341507706,"Landsat","1995","07"
1995-07-27,5.99419667177967,"Landsat","1995","07"
1995-08-12,42.4705486888419,"Landsat","1995","08"
1995-09-13,0.0807520371536646,"Landsat","1995","09"
1996-04-24,0,"Landsat","1996","04"
1996-05-10,2.08564352418891,"Landsat","1996","05"
1996-06-11,0.141412658364791,"Landsat","1996","06"
1996-06-27,71.9060185381949,"Landsat","1996","06"
1996-07-13,4.97146632562776,"Landsat","1996","07"
1996-07-29,0.170777035511578,"Landsat","1996","07"
1996-08-14,46.7604523659574,"Landsat","1996","08"
1996-09-15,11.4188789762651,"Landsat","1996","09"
1996-10-01,0.0892522515908924,"Landsat","1996","10"
1996-11-02,5.51122994239173,"Landsat","1996","11"
1997-04-11,52.2519772657901,"Landsat","1997","04"
1997-04-27,23.858942805148,"Landsat","1997","04"
1997-05-13,0.0900249983579131,"Landsat","1997","05"
1997-06-14,0.872044726582875,"Landsat","1997","06"
1997-06-30,8.15479663236959,"Landsat","1997","06"
1997-07-16,27.8961582894478,"Landsat","1997","07"
1997-08-01,61.0732679847151,"Landsat","1997","08"
1997-08-17,0.0540922736914499,"Landsat","1997","08"
1997-09-02,4.04223833828535,"Landsat","1997","09"
1997-09-18,0.0850021443722785,"Landsat","1997","09"
1997-10-04,0.0919568652754649,"Landsat","1997","10"
1997-10-20,0.655289258433565,"Landsat","1997","10"
1997-11-05,1.19853023564913,"Landsat","1997","11"
1998-01-24,0.530104282176209,"Landsat","1998","01"
1998-04-14,11.5606780080134,"Landsat","1998","04"
1998-06-01,6.12092714157107,"Landsat","1998","06"
1998-06-17,41.0672405599323,"Landsat","1998","06"
1998-07-03,1.52926585193399,"Landsat","1998","07"
1998-07-19,0,"Landsat","1998","07"
1998-08-04,0,"Landsat","1998","08"
1998-08-20,35.9134059972877,"Landsat","1998","08"
1998-09-05,0.571446234211818,"Landsat","1998","09"
1998-10-23,2.41212903325516,"Landsat","1998","10"
1998-11-08,0.492239690592194,"Landsat","1998","11"
1999-02-28,6.73719268827009,"Landsat","1999","02"
1999-05-19,0.0401828318850771,"Landsat","1999","05"
1999-06-20,80.6890582921524,"Landsat","1999","06"
1999-07-06,0,"Landsat","1999","07"
1999-07-22,0.154549353404143,"Landsat","1999","07"
1999-07-30,78.6200288234544,"Landsat","1999","07"
1999-08-07,0,"Landsat","1999","08"
1999-08-15,15.9606980994293,"Landsat","1999","08"
1999-08-23,38.5071305207927,"Landsat","1999","08"
1999-08-31,24.6436671470576,"Landsat","1999","08"
1999-09-24,0.0425010721861392,"Landsat","1999","09"
1999-10-02,0,"Landsat","1999","10"
1999-10-18,97.3850249404019,"Landsat","1999","10"
1999-11-03,2.09878021922826,"Landsat","1999","11"
1999-11-19,0.435829176599682,"Landsat","1999","11"
2000-01-22,76.0603051576983,"Landsat","2000","01"
2000-02-07,95.2321524474822,"Landsat","2000","02"
2000-02-23,12.9017800221778,"Landsat","2000","02"
2000-03-26,0.0386373383510357,"Landsat","2000","03"
2000-04-19,50.0635584215875,"Landsat","2000","04"
2000-04-27,50.3792254759154,"Landsat","2000","04"
2000-05-05,0,"Landsat","2000","05"
2000-05-13,0.172708902429129,"Landsat","2000","05"
2000-05-29,0.188550211153054,"Landsat","2000","05"
2000-06-06,11.0893024801307,"Landsat","2000","06"
2000-06-14,0,"Landsat","2000","06"
2000-07-08,23.9640363654629,"Landsat","2000","07"
2000-07-24,0,"Landsat","2000","07"
2000-08-09,3.1373518741041,"Landsat","2000","08"
2000-08-17,1.03470792104074,"Landsat","2000","08"
2000-09-10,0,"Landsat","2000","09"
2000-09-18,7.87738054300915,"Landsat","2000","09"
2000-10-04,0.501512651796443,"Landsat","2000","10"
2000-12-23,4.42629348149465,"Landsat","2000","12"
2000-12-31,83.6811337740566,"Landsat","2000","12"
2001-01-08,74.5414713871191,"Landsat","2001","01"
2001-02-09,13.3974970732216,"Landsat","2001","02"
2001-03-13,0.29248465131734,"Landsat","2001","03"
2001-04-14,28.4938779137383,"Landsat","2001","04"
2001-04-30,0.0865476379063199,"Landsat","2001","04"
2001-05-08,0,"Landsat","2001","05"
2001-05-16,0,"Landsat","2001","05"
2001-06-17,0.0579560075265535,"Landsat","2001","06"
2001-07-03,42.6266435357801,"Landsat","2001","07"
2001-07-19,0,"Landsat","2001","07"
2001-07-27,16.2462280298435,"Landsat","2001","07"
2001-08-04,0,"Landsat","2001","08"
2001-09-05,78.3827955659791,"Landsat","2001","09"
2001-09-13,98.0878381250072,"Landsat","2001","09"
2001-09-21,0.0850021443722785,"Landsat","2001","09"
2001-09-29,57.9560075265535,"Landsat","2001","09"
2001-10-07,20.0933478094561,"Landsat","2001","10"
2001-12-10,76.6989803606409,"Landsat","2001","12"
2001-12-18,63.6360826375393,"Landsat","2001","12"
2001-12-26,44.1079990881588,"Landsat","2001","12"
2002-01-27,19.1448011529382,"Landsat","2002","01"
2002-02-12,69.2446786725756,"Landsat","2002","02"
2002-02-20,47.5447903344834,"Landsat","2002","02"
2002-03-08,44.9642025060178,"Landsat","2002","03"
2002-04-01,0,"Landsat","2002","04"
2002-05-03,0.375941302155577,"Landsat","2002","05"
2002-05-19,33.4212976736459,"Landsat","2002","05"
2002-06-20,49.3429720613406,"Landsat","2002","06"
2002-06-28,55.9650254813246,"Landsat","2002","06"
2002-07-06,0.167686048443495,"Landsat","2002","07"
2002-07-22,84.0470293682409,"Landsat","2002","07"
2002-08-07,81.5719214734735,"Landsat","2002","08"
2002-08-23,0.04327381895316,"Landsat","2002","08"
2002-09-08,12.0332126560466,"Landsat","2002","09"
2002-11-11,13.8000981388394,"Landsat","2002","11"
2002-12-13,52.7225800469057,"Landsat","2002","12"
2003-04-04,44.5758972555899,"Landsat","2003","04"
2003-04-20,0.0865476379063199,"Landsat","2003","04"
2003-07-01,4.12569498912359,"Landsat","2003","07"
2003-07-17,13.6613900941592,"Landsat","2003","07"
2003-08-02,6.61200771201274,"Landsat","2003","08"
2003-08-18,0,"Landsat","2003","08"
2003-08-26,6.19240621752049,"Landsat","2003","08"
2003-09-03,22.6685264105526,"Landsat","2003","09"
2003-09-19,0.0537059003079396,"Landsat","2003","09"
2003-10-29,5.31842962402006,"Landsat","2003","10"
2003-11-14,85.058554886271,"Landsat","2003","11"
2003-12-16,90.6146041411499,"Landsat","2003","12"
2004-03-13,5.3906814467365,"Landsat","2004","03"
2004-04-22,49.711958642593,"Landsat","2004","04"
2004-04-30,0.210573494013144,"Landsat","2004","04"
2004-05-08,5.61130064872091,"Landsat","2004","05"
2004-05-16,22.9602383151029,"Landsat","2004","05"
2004-06-01,34.63798745832,"Landsat","2004","06"
2004-06-09,89.3345491215801,"Landsat","2004","06"
2004-06-25,4.92587426637354,"Landsat","2004","06"
2004-07-11,27.9572052840424,"Landsat","2004","07"
2004-07-27,63.1249106511551,"Landsat","2004","07"
2004-08-12,69.4602750205744,"Landsat","2004","08"
2004-09-13,6.52236908703833,"Landsat","2004","09"
2004-09-21,0.0386373383510357,"Landsat","2004","09"
2005-01-11,10.165870093541,"Landsat","2005","01"
2005-02-28,6.10122209901204,"Landsat","2005","02"
2005-03-08,5.08080999316119,"Landsat","2005","03"
2005-03-16,0.23800600424238,"Landsat","2005","03"
2005-03-24,4.72496010694815,"Landsat","2005","03"
2005-04-01,7.04745051522891,"Landsat","2005","04"
2005-04-09,3.26330959712847,"Landsat","2005","04"
2005-04-17,1.78813601888593,"Landsat","2005","04"
2005-05-03,27.8366567883872,"Landsat","2005","05"
2005-06-12,58.0070088131769,"Landsat","2005","06"
2005-06-20,74.8884346855114,"Landsat","2005","06"
2005-06-28,50.6651417797131,"Landsat","2005","06"
2005-07-22,0.457466086076262,"Landsat","2005","07"
2005-07-30,5.26742833739669,"Landsat","2005","07"
2005-08-31,22.4440434747331,"Landsat","2005","08"
2005-09-16,4.54297824331477,"Landsat","2005","09"
2005-12-05,97.1899063817292,"Landsat","2005","12"
2006-02-07,12.0934869038742,"Landsat","2006","02"
2006-02-15,0.669198700239938,"Landsat","2006","02"
2006-02-23,51.222292198735,"Landsat","2006","02"
2006-04-04,7.81131069442888,"Landsat","2006","04"
2006-05-14,6.04133422456794,"Landsat","2006","05"
2006-05-22,0.253074566199284,"Landsat","2006","05"
2006-06-15,54.6076957850528,"Landsat","2006","06"
2006-07-09,1.52501574471538,"Landsat","2006","07"
2006-07-25,0.483353102771456,"Landsat","2006","07"
2006-08-10,3.87725690352643,"Landsat","2006","08"
2006-08-18,5.71407596873467,"Landsat","2006","08"
2006-09-03,8.38816615600985,"Landsat","2006","09"
2006-09-11,5.96792328170097,"Landsat","2006","09"
2006-10-13,39.4730639795686,"Landsat","2006","10"
2006-11-14,57.3277644049657,"Landsat","2006","11"
2007-01-01,75.4428804908488,"Landsat","2007","01"
2007-01-17,20.3931735550601,"Landsat","2007","01"
2007-02-02,15.1524049811257,"Landsat","2007","02"
2007-02-10,8.36846111345082,"Landsat","2007","02"
2007-03-06,2.49172195025829,"Landsat","2007","03"
2007-03-14,7.11004300335758,"Landsat","2007","03"
2007-03-30,7.98208772994046,"Landsat","2007","03"
2007-05-09,1.50646982230688,"Landsat","2007","05"
2007-06-10,36.2491644675582,"Landsat","2007","06"
2007-06-18,2.96812033212656,"Landsat","2007","06"
2007-06-26,12.7267528794476,"Landsat","2007","06"
2007-07-20,3.61259113582184,"Landsat","2007","07"
2007-07-28,0,"Landsat","2007","07"
2007-08-05,97.3162504781371,"Landsat","2007","08"
2007-08-13,43.4890289277752,"Landsat","2007","08"
2007-09-14,12.8024820626157,"Landsat","2007","09"
2007-09-22,6.12594999555671,"Landsat","2007","09"
2007-09-30,0.316053427711472,"Landsat","2007","09"
2007-10-08,6.77776189353868,"Landsat","2007","10"
2007-11-09,44.916678579846,"Landsat","2007","11"
2008-03-16,2.28423944331323,"Landsat","2008","03"
2008-04-17,67.6319561698034,"Landsat","2008","04"
2008-04-25,5.03019507992133,"Landsat","2008","04"
2008-05-27,1.06407229818752,"Landsat","2008","05"
2008-06-04,5.35899882928865,"Landsat","2008","06"
2008-06-12,0.0386373383510357,"Landsat","2008","06"
2008-07-06,72.8155414829783,"Landsat","2008","07"
2008-07-14,76.9083947345035,"Landsat","2008","07"
2008-08-07,69.3980689058292,"Landsat","2008","08"
2008-08-23,3.75439016757014,"Landsat","2008","08"
2008-08-31,66.6432266814004,"Landsat","2008","08"
2008-09-08,29.37790021521,"Landsat","2008","09"
2008-09-24,65.6564290599149,"Landsat","2008","09"
2008-10-10,14.8413744073998,"Landsat","2008","10"
2008-11-11,95.3272002998257,"Landsat","2008","11"
2008-11-27,8.50755553151454,"Landsat","2008","11"
2009-02-07,47.1831448475177,"Landsat","2009","02"
2009-03-03,1.92066208942998,"Landsat","2009","03"
2009-03-11,0,"Landsat","2009","03"
2009-04-04,6.94583431536568,"Landsat","2009","04"
2009-04-12,65.8812983691179,"Landsat","2009","04"
2009-04-20,4.55997867218923,"Landsat","2009","04"
2009-04-28,0,"Landsat","2009","04"
2009-05-06,97.5755070184725,"Landsat","2009","05"
2009-05-14,0,"Landsat","2009","05"
2009-05-22,8.10959094649888,"Landsat","2009","05"
2009-06-07,89.9774744317413,"Landsat","2009","06"
2009-07-01,7.78735554465124,"Landsat","2009","07"
2009-07-17,0,"Landsat","2009","07"
2009-07-25,2.53422302244443,"Landsat","2009","07"
2009-08-02,0,"Landsat","2009","08"
2009-08-10,57.1732150515615,"Landsat","2009","08"
2009-08-18,0,"Landsat","2009","08"
2009-08-26,16.0874285692207,"Landsat","2009","08"
2009-09-03,47.4435605080037,"Landsat","2009","09"
2009-09-11,3.04075852822651,"Landsat","2009","09"
2009-10-05,1.13439225398641,"Landsat","2009","10"
2009-10-21,89.3094348516519,"Landsat","2009","10"
2009-10-29,4.86560001854592,"Landsat","2009","10"
2009-11-22,12.7611401105801,"Landsat","2009","11"
2010-01-25,1.71008859541684,"Landsat","2010","01"
2010-02-02,7.37470877106218,"Landsat","2010","02"
2010-02-10,91.0593199055703,"Landsat","2010","02"
2010-02-26,0.501512651796443,"Landsat","2010","02"
2010-03-14,49.1864908410189,"Landsat","2010","03"
2010-04-23,3.72850315087494,"Landsat","2010","04"
2010-05-01,0.415351387273634,"Landsat","2010","05"
2010-06-10,5.13219765316807,"Landsat","2010","06"
2010-07-12,43.6439646545629,"Landsat","2010","07"
2010-07-20,1.15718828361352,"Landsat","2010","07"
2010-07-28,52.4950061240181,"Landsat","2010","07"
2010-08-13,1.07257251262475,"Landsat","2010","08"
2010-08-21,69.6604164332328,"Landsat","2010","08"
2010-09-14,97.3885023008535,"Landsat","2010","09"
2010-09-22,0.0386373383510357,"Landsat","2010","09"
2010-10-24,4.13767256401241,"Landsat","2010","10"
2010-11-25,1.55631198877972,"Landsat","2010","11"
2010-12-11,28.6043807014222,"Landsat","2010","12"
2010-12-19,2.5817469486162,"Landsat","2010","12"
2011-01-04,13.9871028564584,"Landsat","2011","01"
2011-01-28,0.22796029627111,"Landsat","2011","01"
2011-02-13,5.41540934328116,"Landsat","2011","02"
2011-03-25,0.933864467944532,"Landsat","2011","03"
2011-04-02,68.905829215237,"Landsat","2011","04"
2011-04-10,82.1051167427178,"Landsat","2011","04"
2011-04-18,3.12073781861315,"Landsat","2011","04"
2011-04-26,1.24489504167037,"Landsat","2011","04"
2011-05-12,87.8149426042339,"Landsat","2011","05"
2011-05-20,82.8102481676242,"Landsat","2011","05"
2011-06-05,17.7727892680929,"Landsat","2011","06"
2011-06-21,0.143730898665853,"Landsat","2011","06"
2011-07-23,15.558483407195,"Landsat","2011","07"
2011-07-31,22.907305161562,"Landsat","2011","07"
2011-08-08,41.634823060309,"Landsat","2011","08"
2011-08-16,15.632667096829,"Landsat","2011","08"
2011-08-24,0,"Landsat","2011","08"
2011-09-01,1.85266037393216,"Landsat","2011","09"
2011-09-17,1.95968580116453,"Landsat","2011","09"
2011-09-25,0,"Landsat","2011","09"
2011-10-03,4.99194411495381,"Landsat","2011","10"
2011-10-11,7.7634003948736,"Landsat","2011","10"
2011-10-19,2.68761325569804,"Landsat","2011","10"
2011-10-27,1.11584633157791,"Landsat","2011","10"
2011-11-04,1.2460541618209,"Landsat","2011","11"
2011-11-20,48.2282848499133,"Landsat","2011","11"
2012-02-08,7.73905887171245,"Landsat","2012","02"
2012-03-11,3.18912590749448,"Landsat","2012","03"
2012-04-12,44.95454317143,"Landsat","2012","04"
2012-04-28,8.29891390441895,"Landsat","2012","04"
2012-05-30,96.3607491007159,"Landsat","2012","05"
2012-06-15,0.835725628532902,"Landsat","2012","06"
2012-07-01,0.0425010721861392,"Landsat","2012","07"
2012-07-17,18.7680871040156,"Landsat","2012","07"
2012-08-02,5.59430021984646,"Landsat","2012","08"
2012-08-18,61.8935386779076,"Landsat","2012","08"
2012-09-03,0.693926596784601,"Landsat","2012","09"
2012-09-19,0.809838611837708,"Landsat","2012","09"
2012-10-05,13.6440032919012,"Landsat","2012","10"
2012-10-21,90.5713303221968,"Landsat","2012","10"
2012-11-06,47.3183755317464,"Landsat","2012","11"
2013-01-09,1.27464579220067,"Landsat","2013","01"
2013-04-23,0.657607498734627,"Landsat","2013","04"
2013-05-01,1.97204974943686,"Landsat","2013","05"
2013-05-25,61.2560225951155,"Landsat","2013","05"
2013-06-02,74.9927554990592,"Landsat","2013","06"
2013-06-10,0.0463648060212428,"Landsat","2013","06"
2013-06-18,8.65244555033093,"Landsat","2013","06"
2013-07-12,15.7856709566991,"Landsat","2013","07"
2013-07-20,8.66017301800114,"Landsat","2013","07"
2013-07-28,0,"Landsat","2013","07"
2013-08-05,19.9264345077796,"Landsat","2013","08"
2013-08-13,0.0425010721861392,"Landsat","2013","08"
2013-08-21,0.208641627095593,"Landsat","2013","08"
2013-09-06,75.192510538334,"Landsat","2013","09"
2013-10-08,33.9382652607827,"Landsat","2013","10"
2013-10-24,7.09806542846876,"Landsat","2013","10"
2013-11-01,14.1084240988807,"Landsat","2013","11"
2013-11-09,1.94886734642624,"Landsat","2013","11"
2013-11-17,0.298666625453506,"Landsat","2013","11"
2013-11-25,21.9382807157181,"Landsat","2013","11"
2013-12-03,2.25178407909836,"Landsat","2013","12"
2013-12-27,39.8918927272938,"Landsat","2013","12"
2014-03-09,0.355463512829528,"Landsat","2014","03"
2014-04-18,86.5433877991013,"Landsat","2014","04"
2014-04-26,0,"Landsat","2014","04"
2014-05-20,2.9584609975388,"Landsat","2014","05"
2014-05-28,98.0735423098174,"Landsat","2014","05"
2014-06-13,56.7002940301449,"Landsat","2014","06"
2014-06-29,0.0803656637701542,"Landsat","2014","06"
2014-07-31,0,"Landsat","2014","07"
2014-08-08,1.14250609504012,"Landsat","2014","08"
2014-09-01,1.92529857003211,"Landsat","2014","09"
2014-09-09,2.18069137653245,"Landsat","2014","09"
2014-09-17,4.41161129292125,"Landsat","2014","09"
2014-09-25,0.099684332945672,"Landsat","2014","09"
2014-10-11,61.3599570352798,"Landsat","2014","10"
2014-10-19,0.383668769825784,"Landsat","2014","10"
2014-10-27,85.3622443657101,"Landsat","2014","10"
2014-11-04,0.869726486281813,"Landsat","2014","11"
2014-12-30,0.3245536421487,"Landsat","2014","12"
2015-01-07,9.91356827410873,"Landsat","2015","01"
2015-01-15,92.4127858680071,"Landsat","2015","01"
2015-02-08,75.2129883276601,"Landsat","2015","02"
2015-03-04,0.832248268081308,"Landsat","2015","03"
2015-04-05,0.125184976257356,"Landsat","2015","04"
2015-04-13,0,"Landsat","2015","04"
2015-05-15,98.8741079604508,"Landsat","2015","05"
2015-05-23,0.482966729387946,"Landsat","2015","05"
2015-05-31,31.6532530707025,"Landsat","2015","05"
2015-06-08,0.763860179199975,"Landsat","2015","06"
2015-06-16,37.5095144445689,"Landsat","2015","06"
2015-06-24,0.289780037632768,"Landsat","2015","06"
2015-07-02,79.46155005274,"Landsat","2015","07"
2015-07-18,6.41688915334,"Landsat","2015","07"
2015-07-26,6.01506083448923,"Landsat","2015","07"
2015-08-03,0,"Landsat","2015","08"
2015-08-11,0.544786470749603,"Landsat","2015","08"
2015-08-27,0.493785184126236,"Landsat","2015","08"
2015-09-04,80.4379155928706,"Landsat","2015","09"
2015-09-20,0.127503216558418,"Landsat","2015","09"
2015-10-06,61.0187893376401,"Landsat","2015","10"
2015-11-15,1.76688548279286,"Landsat","2015","11"
2015-11-23,45.9676141829942,"Landsat","2015","11"
2015-12-17,10.221121487383,"Landsat","2015","12"
2015-12-25,34.9374268305405,"Landsat","2015","12"
2016-01-02,24.8418766927984,"Landsat","2016","01"
2016-02-11,0.0753428097845196,"Landsat","2016","02"
2016-03-06,41.7893724137132,"Landsat","2016","03"
2016-03-22,6.32184130099646,"Landsat","2016","03"
2016-04-07,1.62779106472913,"Landsat","2016","04"
2016-04-23,0.592310396921377,"Landsat","2016","04"
2016-05-01,6.80326253685036,"Landsat","2016","05"
2016-05-17,49.6207745240846,"Landsat","2016","05"
2016-06-18,0,"Landsat","2016","06"
2016-06-26,9.64194778550095,"Landsat","2016","06"
2016-07-12,0.132526070544052,"Landsat","2016","07"
2016-07-20,81.1067279197271,"Landsat","2016","07"
2016-07-28,0.336917590421031,"Landsat","2016","07"
2016-08-05,0,"Landsat","2016","08"
2016-08-13,20.1176893326173,"Landsat","2016","08"
2016-08-21,0,"Landsat","2016","08"
2016-09-06,57.8628915411275,"Landsat","2016","09"
2016-09-14,1.32757894574159,"Landsat","2016","09"
2016-09-22,57.7848441176584,"Landsat","2016","09"
2016-09-30,2.42024287430887,"Landsat","2016","09"
2016-12-03,45.3038247101234,"Landsat","2016","12"
2016-12-11,73.7973162504781,"Landsat","2016","12"
2017-01-04,50.7451210700997,"Landsat","2017","01"
2017-01-12,4.41083854615423,"Landsat","2017","01"
2017-01-20,29.7596371181182,"Landsat","2017","01"
2017-02-05,12.6259094263514,"Landsat","2017","02"
2017-03-01,96.566686114127,"Landsat","2017","03"
2017-04-02,0.280120703045009,"Landsat","2017","04"
2017-04-10,0.698949450770235,"Landsat","2017","04"
2017-04-26,0.993365969005127,"Landsat","2017","04"
2017-05-04,0,"Landsat","2017","05"
2017-05-20,55.9681164683927,"Landsat","2017","05"
2017-05-28,62.2397292295328,"Landsat","2017","05"
2017-06-05,0.0896386249744028,"Landsat","2017","06"
2017-06-13,70.1236781200617,"Landsat","2017","06"
2017-06-21,1.72940726459236,"Landsat","2017","06"
2017-06-29,2.24367023804464,"Landsat","2017","06"
2017-07-07,38.1516670079632,"Landsat","2017","07"
2017-07-23,26.0025423368635,"Landsat","2017","07"
2017-07-31,1.75104417406894,"Landsat","2017","07"
2017-08-08,73.6551308453463,"Landsat","2017","08"
2017-08-16,1.07991360691145,"Landsat","2017","08"
2017-08-24,4.71452802559337,"Landsat","2017","08"
2017-09-01,1.52231113103081,"Landsat","2017","09"
2017-09-09,0,"Landsat","2017","09"
2017-09-17,1.58683548607704,"Landsat","2017","09"
2017-09-25,91.8583400626698,"Landsat","2017","09"
2017-10-03,7.3530718615856,"Landsat","2017","10"
2017-10-11,0.0772746767020713,"Landsat","2017","10"
2017-10-19,6.3233867945305,"Landsat","2017","10"
2017-11-20,74.109892317738,"Landsat","2017","11"
2018-01-07,83.1738255215075,"Landsat","2018","01"
2018-01-15,16.1569757782526,"Landsat","2018","01"
2018-01-23,42.1977690800836,"Landsat","2018","01"
2018-01-31,7.06561006425389,"Landsat","2018","01"
2018-03-04,39.3641066854187,"Landsat","2018","03"
2018-04-13,3.06896378522276,"Landsat","2018","04"
2018-04-21,0,"Landsat","2018","04"
2018-04-29,3.22814961922903,"Landsat","2018","04"
2018-05-07,27.8069060378569,"Landsat","2018","05"
2018-05-23,0,"Landsat","2018","05"
2018-05-31,3.22583137892797,"Landsat","2018","05"
2018-06-08,0.327258255833272,"Landsat","2018","06"
2018-06-16,55.6767909372259,"Landsat","2018","06"
2018-06-24,32.3916126065908,"Landsat","2018","06"
2018-07-02,12.8210279850242,"Landsat","2018","07"
2018-07-18,6.35468303859484,"Landsat","2018","07"
2018-08-03,9.34328116004745,"Landsat","2018","08"
2018-08-11,1.61619986322382,"Landsat","2018","08"
2018-08-19,3.80809606787808,"Landsat","2018","08"
2018-08-27,41.8519649018418,"Landsat","2018","08"
2018-09-04,57.4374944458826,"Landsat","2018","09"
2018-09-12,39.4363585081351,"Landsat","2018","09"
2018-09-20,3.73661699192866,"Landsat","2018","09"
2018-09-28,0.0386373383510357,"Landsat","2018","09"
2018-10-06,4.80532577071831,"Landsat","2018","10"
2018-10-14,0.537445376462906,"Landsat","2018","10"
2018-10-22,6.8194902189578,"Landsat","2018","10"
2018-10-30,13.8275306490686,"Landsat","2018","10"
2018-12-01,2.61072495237948,"Landsat","2018","12"
2019-01-02,98.6314654756063,"Landsat","2019","01"
2019-01-18,12.6019542765738,"Landsat","2019","01"
2019-02-11,4.81846246575766,"Landsat","2019","02"
2019-02-19,13.8619178802011,"Landsat","2019","02"
2019-03-07,25.1683622018646,"Landsat","2019","03"
2019-03-15,6.11204055375033,"Landsat","2019","03"
2019-03-23,0.0386373383510357,"Landsat","2019","03"
2019-03-31,6.72598786014829,"Landsat","2019","03"
2019-05-02,59.1931751005537,"Landsat","2019","05"
2019-05-26,31.003373039638,"Landsat","2019","05"
2019-06-11,0,"Landsat","2019","06"
2019-06-19,9.45532944126545,"Landsat","2019","06"
2019-06-27,0,"Landsat","2019","06"
2019-07-05,55.0543434163907,"Landsat","2019","07"
2019-07-13,53.1742505322293,"Landsat","2019","07"
2019-07-21,11.3470135269322,"Landsat","2019","07"
2019-08-06,8.01067936032023,"Landsat","2019","08"
2019-08-14,0,"Landsat","2019","08"
2019-08-22,7.55514514116152,"Landsat","2019","08"
2019-08-30,6.39216125679534,"Landsat","2019","08"
2019-09-07,7.25956950277609,"Landsat","2019","09"
2019-09-15,0.134457937461604,"Landsat","2019","09"
2019-09-23,68.3973618425374,"Landsat","2019","09"
2019-10-01,0,"Landsat","2019","10"
2019-10-09,7.7151037219348,"Landsat","2019","10"
2019-11-10,71.4477797053517,"Landsat","2019","11"
2019-11-26,94.4238593291785,"Landsat","2019","11"
2019-12-04,4.62450302723546,"Landsat","2019","12"
2020-01-13,95.4118160708145,"Landsat","2020","01"
2020-03-01,41.0398080497031,"Landsat","2020","03"
2020-03-17,12.4957015961084,"Landsat","2020","03"
2020-03-25,79.8112179648168,"Landsat","2020","03"
2020-04-02,10.3590567852962,"Landsat","2020","04"
2020-04-10,0.0788201702361128,"Landsat","2020","04"
2020-04-18,41.0931275766275,"Landsat","2020","04"
2020-04-26,71.0872933385365,"Landsat","2020","04"
2020-05-12,8.90358824961266,"Landsat","2020","05"
2020-06-05,9.86527160116994,"Landsat","2020","06"
2020-06-13,6.55405170448618,"Landsat","2020","06"
2020-06-29,19.3221465359694,"Landsat","2020","06"
2020-07-07,22.1272173002546,"Landsat","2020","07"
2020-07-15,0.233755897023766,"Landsat","2020","07"
2020-07-23,41.4420227419374,"Landsat","2020","07"
2020-08-08,10.2910550697984,"Landsat","2020","08"
2020-08-24,28.0874131142854,"Landsat","2020","08"
2020-09-01,0,"Landsat","2020","09"
2020-09-09,10.2443038903936,"Landsat","2020","09"
2020-09-17,0.0425010721861392,"Landsat","2020","09"
2020-09-25,87.0279000220233,"Landsat","2020","09"
2020-10-03,0,"Landsat","2020","10"
2020-10-11,10.7952723352794,"Landsat","2020","10"
2020-10-19,93.8910504333177,"Landsat","2020","10"
2020-11-28,97.3772974727317,"Landsat","2020","11"
2021-01-15,87.5761638532245,"Landsat","2021","01"
2021-01-23,88.9721308878474,"Landsat","2021","01"
2021-02-16,51.8791269507026,"Landsat","2021","02"
2021-03-28,0.0471375527882635,"Landsat","2021","03"
2021-04-05,57.2736721312742,"Landsat","2021","04"
2021-04-13,3.6597286886101,"Landsat","2021","04"
2021-04-29,67.916326980067,"Landsat","2021","04"
2021-05-15,0,"Landsat","2021","05"
2021-05-23,11.6364071911814,"Landsat","2021","05"
2021-06-08,14.2614279587508,"Landsat","2021","06"
2021-06-24,44.936383622405,"Landsat","2021","06"
2021-07-10,12.2503544975794,"Landsat","2021","07"
2021-07-18,61.6284865368195,"Landsat","2021","07"
2021-07-26,12.0830548225194,"Landsat","2021","07"
2021-08-03,0.902181850496683,"Landsat","2021","08"
2021-08-11,11.734546030593,"Landsat","2021","08"
2021-08-19,49.636229459425,"Landsat","2021","08"
2021-08-27,17.4876457110623,"Landsat","2021","08"
2021-09-04,30.5095878555118,"Landsat","2021","09"
2021-09-12,91.1172759130969,"Landsat","2021","09"
2021-09-20,8.6215356796501,"Landsat","2021","09"
2021-10-06,0.203232399726448,"Landsat","2021","10"
2021-10-22,18.1495033170155,"Landsat","2021","10"
2021-10-30,91.8397941402613,"Landsat","2021","10"
2021-11-15,93.9150055830954,"Landsat","2021","11"
2021-12-01,85.7289127066615,"Landsat","2021","12"
2021-12-09,2.52340456770614,"Landsat","2021","12"
